Name,Date,Teacher,Topic
"Charge, current, and potential difference",05/09/2023,MSPB,Electricity
Resistivity and Ohm’s Law,18/09/2023,MSPB,Electricity
Electromotive force (EMF),26/09/2023,MSPB,Electricity
Kirchhoff’s Laws,12/10/2023,MSPB,Electricity
Potential dividers,02/11/2023,MSPB,Electricity
Internal resistance,09/11/2023,MSPB,Electricity
Alternating current,27/11/2023,MSPB,Electricity
Electricity Summary,04/12/2023,MSPB,Electricity
Measurements and their errors,14/09/2023,JMBS,Uncertainties
Resolving Vectors,18/09/2023,JMBS,Kinematics
Power and efficiency,04/12/2023,JMBS,Energy